<?xml version="1.0" encoding="UTF-8" standalone="yes"?>
<addon id="repository.greenball" name="GreenBall Repo" version="1.0.0" provider-name="ajsm90">
    <extension point="xbmc.addon.repository" name="GreenBall Repository">
        <dir>
            <info compressed="false">https://ajsm90.github.io/greenball.repo/repo/zips/addons.xml</info>
            <checksum>https://ajsm90.github.io/greenball.repo/repo/zips/addons.xml.md5</checksum>
            <datadir zip="true">https://ajsm90.github.io/greenball.repo/repo/zips/</datadir>
        </dir>
    </extension>
    <extension point="xbmc.addon.metadata">
        <summary>GreenBall Repo</summary>
        <description>Repositorio que contiene el addon plugin.video.GreenBall</description>
        <platform>all</platform>
        <assets>
            <icon>icon.png</icon>
            <fanart>fanart.jpg</fanart>
        </assets>
    </extension>
</addon>
