<?xml version="1.0" encoding="UTF-8" standalone="yes"?>
<addon id="plugin.video.GreenBall" name="greenball.repo" version="1.0.0" provider-name="ajsm90">
    <extension point="xbmc.addon.repository" name="Example Repository">
        <dir>
            <info compressed="false">https://ajsm90.github.io/greenball.repo/repo/zips/addons.xml</info>
            <checksum>https://ajsm90.github.io/greenball.repo/repo/zips/addons.xml.md5</checksum>
            <datadir zip="true">https://ajsm90.github.io/greenball.repo/repo/zips/</datadir>
        </dir>
    </extension>
    <extension point="xbmc.addon.metadata">
        <summary>GreenBall repo</summary>
        <description></description>
        <disclaimer></disclaimer>
        <platform>all</platform>
        <assets>
            <icon>icon.png</icon>
            <fanart>fanart.jpg</fanart>
        </assets>
    </extension>
</addon>